CustomerID,Name,Age,Gender,Address
1,Patricia Beard,42,Female,"434 Dorothy Plain, North Marvin, NY 77799"
2,Sydney Smith,44,Male,"26460 Harvey Mall, Donnatown, WY 51312"
3,Michelle Pugh,69,Female,"176 Douglas Streets, Parkerville, SD 18484"
4,Allen Watts,74,Male,"3508 Elizabeth Mission, West Nicolefort, MP 96685"
5,Megan Johnson,41,Female,"07708 Christina Street, Matthewsview, IN 49601"
6,Donald Kaiser,77,Male,"42640 Dickerson Squares Suite 816, West Johnborough, MS 71660"
7,Dominique Roberts,42,Male,"9626 Cody Harbor, New Andrewside, OK 94251"
8,David Lynch,67,Female,"20696 Williams Springs Suite 408, Aprilberg, IN 92611"
9,Nicholas Webster,65,Female,"4996 Courtney Cliffs Suite 149, Kevinside, CT 46956"
10,Jennifer Contreras,67,Female,"394 Tracy Estate, Ochoaborough, AZ 59078"
11,Ronald Holloway,60,Male,"965 Gardner Skyway, Moralesborough, DC 95689"
12,Kenneth Santiago,20,Male,"40694 Julie Stravenue Suite 108, Martinezport, NE 39642"
13,Thomas Newman,59,Female,"54851 Robert Corners, West Williamtown, VI 98052"
14,Veronica Brown,52,Male,"96149 Griffin Expressway Suite 913, Daviesstad, RI 44509"
15,Alexander Mercer,57,Male,"USNV White, FPO AP 71933"
16,Brian Fisher,68,Female,"6579 Olivia Ford, Port Georgetown, ME 21665"
17,Hunter Parker,42,Male,"6884 Townsend Burg, Alexisfort, WY 06048"
18,Edward Myers,69,Female,"PSC 0582, Box 1385, APO AE 46233"
19,Holly Leach,40,Male,"639 Barbara Squares Suite 460, South Loriland, NV 90832"
20,David Robinson,42,Male,"153 Byrd Drive, Reneeside, NE 72439"
21,Russell Smith,65,Female,"914 Jill Cape, West Anthonystad, AZ 79825"
22,Robert Nicholson,69,Male,"7459 Oscar Fords, West Curtis, UT 21487"
23,Jordan Johnson,22,Female,"3939 Allen Vista, Weststad, SC 51394"
24,Evan Bentley,43,Female,"73579 Christopher Fords, Port Stephen, NY 77602"
25,Melanie Flores,26,Male,"99213 Robert Junctions Apt. 971, Sarashire, AS 16461"
26,William Smith,29,Female,"1100 Elizabeth Forks Apt. 735, Port Amanda, ND 11551"
27,Ariana Thompson,35,Female,"7393 Brian Drive Apt. 098, Kennethchester, VT 20110"
28,Monica Johnson,79,Male,"64898 Eric Centers Apt. 516, Kristinside, IA 24864"
29,Mr. Ronnie Wilson PhD,77,Female,"0237 Adams Passage Suite 534, Edwardsview, IL 30918"
30,Tina Sandoval,65,Female,"0098 Sampson Streets Apt. 143, Wagnerburgh, CT 51654"
31,Elizabeth Martinez,38,Female,"540 Dickerson Isle, North Jennifermouth, ID 61101"
32,Robert Johnson,50,Male,"025 Frost Shore, North Willieberg, WI 57591"
33,Tyler Thomas,40,Male,"1213 Daniel River, Bishopfurt, OH 08687"
34,Laurie Brown,62,Male,"2374 Jessica Knoll Apt. 557, North Angela, PR 30385"
35,James Vega,47,Female,"04444 Harold Crest, South Davidfurt, RI 04574"
36,Brenda Rosario,47,Male,"6975 Carter Ports Suite 354, Lake Christinamouth, AK 62053"
37,Emma Collins,75,Female,"511 Shannon Overpass Suite 144, Anthonychester, AR 70071"
38,Jessica Peters,47,Female,"708 Heather Curve, Gutierrezmouth, KY 12973"
39,Caitlin Davis,63,Female,"412 Jennifer Circles Suite 877, Herringhaven, KY 35252"
40,Gloria Garrett,23,Male,"Unit 7772 Box 0133, DPO AE 53089"
41,Richard Smith,42,Male,"701 Valdez Fort, Dillonberg, VA 57155"
42,Christopher Barron,24,Male,"9703 Mayer Forges, Theresaland, KS 79790"
43,Lauren Barnes,37,Male,"477 Johnson Lodge Suite 290, Catherineland, CT 03078"
44,Kimberly Harmon,39,Female,"92405 Mark Crescent Suite 337, Lake Frances, LA 13185"
45,Victoria King,42,Female,"724 Fletcher Ville, West Ronaldhaven, PW 54754"
46,April Parker,57,Male,"672 Miller Isle Suite 417, New Jenna, DC 83844"
47,Deanna Anderson,35,Male,"232 Jennifer Locks, Smithmouth, NC 49149"
48,Kathleen Yang,25,Male,"1217 Andrew Prairie, Silvabury, KS 53297"
49,Martin Goodwin,68,Male,"806 Vanessa Crest Apt. 611, Lake Jacob, AR 83488"
50,Christian Waters,37,Male,"086 Joel Valleys, New Kimberly, MI 07295"
51,Miguel Matthews,49,Female,"9311 Matthew Orchard, East Peterhaven, WV 76860"
52,Andrew Hall,46,Male,"USCGC Martin, FPO AA 53709"
53,Patricia Clark,44,Male,"430 Brandi Drives, Richardsontown, KY 82359"
54,Michael Willis,45,Female,"0003 Anderson Ferry, Curtisside, IN 44512"
55,Ruth Miranda,67,Female,"976 Lopez Knoll Apt. 643, Robinview, MH 21634"
56,Jasmine Smith,78,Female,"99682 Ramirez Lodge Apt. 448, Port Randyfort, NH 02649"
57,Rachael Jones,71,Male,"32564 Thompson River Apt. 166, South Kathy, AK 02747"
58,Diane Fisher,37,Female,"2608 Nicole Squares, Arielfurt, MP 23802"
59,Angela Perez,66,Female,"78757 Christopher Ford Apt. 829, East Melissa, KS 58850"
60,Jessica Morales,73,Male,"21842 Megan Villages, West Joshuabury, WI 14278"
61,Caleb Morgan,26,Female,"4525 Brian Estates Apt. 384, Stephanietown, MP 78063"
62,Tiffany Hopkins,66,Male,"361 Aaron Overpass, Judithchester, AS 15223"
63,Ryan Harris,21,Male,"07933 Wood Neck Suite 666, East Stephanie, NY 39197"
64,Grant Lane,21,Male,"398 Natalie Fords Apt. 469, Lauraville, NY 36215"
65,Brooke Richardson,43,Female,"056 Madison Land Suite 589, New David, MS 76183"
66,Allison Duncan,39,Female,"179 Lisa Freeway Suite 235, West James, MS 21005"
67,Haley Burnett,29,Female,"3091 Angela Lakes Apt. 868, New Donna, MI 37535"
68,Kelly Walter,55,Male,"3172 Stuart Pike, Rosstown, UT 60891"
69,Richard Garcia,69,Male,"929 Stokes Prairie Apt. 548, Lake Jessicaland, PA 68793"
70,Daniel Brown,46,Female,"Unit 3770 Box 1253, DPO AE 99814"
71,Rachel Gutierrez,49,Male,"5690 Brian Keys, Adamshire, PR 08360"
72,Sarah King,51,Male,"30191 Edwin Pike Apt. 857, North Debbiemouth, NC 05524"
73,Suzanne Miller,51,Male,"13275 Andrea Branch Suite 286, Simmonsberg, ND 52722"
74,Erik Gordon,46,Male,"15549 Lara Shoal Suite 372, New Ambershire, MT 77495"
75,Thomas Baker,18,Male,"9986 Donna Points Suite 641, East Anitamouth, RI 36945"
76,Emily Collins,66,Male,"17319 Santana Cape Suite 989, East Rhonda, MP 31809"
77,Peter Lopez,80,Male,"5671 Bartlett Course, Wrightborough, VT 12311"
78,Amanda Bass,40,Male,"98476 Davis Manors, Lake Josephborough, MH 28728"
79,Angela Hodges,70,Male,"82777 Andrea Stream Apt. 215, Port William, GA 35219"
80,Mrs. Maria Howard,18,Female,"55302 Daniel Forges, South Anita, ID 55866"
81,Benjamin Rocha,34,Male,"66775 Liu Valley, Ronaldhaven, MI 98998"
82,Larry Campbell,21,Female,"847 Jason Lodge, Port Nicholasfurt, PA 06277"
83,Eileen Miller,48,Male,"4859 Jason Valley Suite 651, Dianaton, GU 88407"
84,William Barnes PhD,54,Female,"70814 Charles Course, North Matthew, DE 74577"
85,Tracy Moore,70,Male,"65584 Vincent Lakes, Arnoldside, MI 36562"
86,Sarah Stuart,25,Female,"440 Rogers Turnpike, East Lindsay, ME 68894"
87,Laurie Roberts,25,Male,"288 Angela Inlet Apt. 936, West Joshuahaven, OH 68648"
88,Rachel Turner,65,Female,"351 Maria Light, South Melvin, PR 11130"
89,Sara Cordova,58,Female,"609 Melissa Gardens Suite 940, East Matthewhaven, MT 41601"
90,Elizabeth Garcia,40,Male,"096 Timothy Ville, Lake Brianmouth, MI 77057"
91,Jessica Martinez,56,Female,"531 Lang Spur Suite 804, Brittanyland, GU 69713"
92,Tyrone Tapia,29,Female,"17352 Buck Shores, Jacksonberg, TX 47972"
93,Richard Moore,38,Female,"35974 Mcdonald Highway Suite 291, Port Luke, CO 28427"
94,Sarah Black,67,Male,"0140 David Pine Suite 836, East Zacharyville, RI 82724"
95,Michael Serrano,71,Female,"706 Davidson Ridge Apt. 194, Stewartmouth, SC 99025"
96,Ethan Cortez,23,Female,"1541 Ortiz Lakes, South Susan, HI 90300"
97,Katie Steele,53,Male,"Unit 0340 Box 3837, DPO AE 30007"
98,Angela Weaver,61,Female,"94716 Melissa Summit Apt. 334, Thomasbury, DE 24812"
99,Rachel Gates,33,Male,"3286 Melissa Prairie Apt. 154, Nicoleburgh, FL 90358"
100,Tamara Jones,68,Male,"07120 Brian Lights Suite 281, Hodgesview, TN 15854"
101,Traci Figueroa,75,Female,"04360 Ross Causeway Suite 674, Josephport, AL 29617"
102,Caleb Daniels,72,Female,"8243 Sandra Locks Suite 094, Allisonmouth, WA 53746"
103,Timothy Owens,64,Female,"9839 Matthew Hill, Lisafort, IA 52767"
104,Cathy Hensley,29,Female,"69808 Guerrero Route, West Lawrence, SC 90766"
105,Tina Russo,55,Female,"8829 Leach Corners Apt. 536, West Shannon, VI 78049"
106,Tammy Gonzalez DDS,27,Female,"85112 Michael Gardens, Gonzalezborough, OR 68224"
107,Stuart Mendez,42,Female,"5131 Singh Ferry Suite 665, Port Judyberg, MN 13323"
108,Dominique Anderson,29,Male,"USNS Taylor, FPO AP 50846"
109,David Cunningham,25,Male,"6900 Andrea Ramp Suite 192, New Jennifershire, KS 19220"
110,James Lewis,48,Female,"632 Vanessa Well, Banksberg, CT 12764"
111,Gabriela Thomas,30,Female,"555 Luis Stream, East Jorge, GA 38484"
112,Mary Miller,19,Female,"14947 Sarah Terrace Suite 730, Loweton, NC 31262"
113,Mary Cook,51,Male,"857 Michele Well Suite 258, Smithfurt, IN 69817"
114,Justin Norton,24,Female,"531 James Villages, Sandratown, FM 95745"
115,Hannah Garza,50,Female,"5407 Villarreal Ville Apt. 782, Wrightberg, IL 35348"
116,Kristin Miller,29,Female,"624 Oliver Squares, Port Jamestown, KS 62937"
117,Dylan Stewart,26,Female,"74777 Sandra Wall, Hansonmouth, CO 97897"
118,Jodi Miller,71,Male,"422 Brett Fields, Meganfurt, HI 73441"
119,Nicole Hatfield DVM,79,Male,"Unit 8248 Box 6604, DPO AE 85269"
120,Christina Frazier,55,Male,"3900 Stacey Station Apt. 644, Palmerhaven, MT 23768"
121,Wendy Beck,41,Male,"74940 Marquez Lakes Suite 981, Jeanettebury, NV 99782"
122,Jessica Jensen,22,Male,"15960 Morrison Plains, Matthewhaven, PA 02513"
123,Cameron Ramirez,33,Female,"137 April Fall Suite 171, Charlesport, OK 34820"
124,Darren Burns,55,Male,"PSC 5729, Box 2635, APO AE 44884"
125,Christopher Wells,43,Male,"8076 Bright Lodge, Johnsonshire, VI 61652"
126,David Martinez,29,Male,"984 Brandon Stream, Port John, VA 93920"
127,Sean Gomez,22,Male,"04122 David Ridge Suite 023, South Melissaview, DC 82982"
128,Gloria Booth,70,Female,"40783 Tammy Turnpike Apt. 211, North Leonardhaven, MH 58538"
129,William Gutierrez,29,Male,"Unit 6360 Box 5899, DPO AP 44847"
130,David Mullen,74,Female,"2323 Madden Coves, Lake Vanessaland, MH 02897"
131,Sierra Christian,35,Male,"31969 Alexandra Union, North Michaelhaven, TN 48894"
132,Jennifer Ortega,19,Male,"USNV Sawyer, FPO AP 60878"
133,Rebecca Jackson,25,Male,"39985 Taylor Turnpike Apt. 830, Rosefort, TN 56429"
134,William Rasmussen,57,Male,"640 Patricia Islands Suite 524, East Javiermouth, SC 44289"
135,Timothy Cruz,40,Female,"1468 James Ways, New Heatherstad, DE 73536"
136,Pamela Schaefer,27,Male,"Unit 1067 Box 5583, DPO AA 33053"
137,Steven Griffin,76,Male,"006 Nicholas Spurs Apt. 071, Port Christopherton, OK 26719"
138,John Rodriguez,54,Female,"9447 Caroline Plain, Derekburgh, MD 56745"
139,Laura Pham,41,Female,"50947 Lang Parkway, North Dawn, KS 86196"
140,Jasmine Lopez,39,Female,"PSC 0137, Box 8811, APO AA 74759"
141,Theresa Freeman,20,Male,"57698 Robbins Land Apt. 043, Angelahaven, ND 20618"
142,Douglas Lutz,42,Female,"03448 Bailey Way Suite 986, New Janetport, MI 15166"
143,Dawn Martin,77,Male,"866 Moore Squares Suite 805, Mcfarlandland, AR 03498"
144,Christine Sheppard,24,Female,"20632 Castro Keys Apt. 078, Brandonton, GU 54873"
145,Kaylee King,34,Male,"USNV Scott, FPO AA 91209"
146,Natalie Middleton MD,49,Female,"532 Cindy Islands Suite 186, Gonzalesport, OK 62175"
147,Jonathon Ross,41,Female,"53251 Emma Square Suite 320, East Stephanie, WI 35899"
148,Jason Hawkins,25,Male,"51914 Vega Underpass, Port Desiree, NM 48451"
149,Judith Bailey,50,Male,"190 Higgins Stravenue Suite 810, West Christinafurt, IN 56665"
150,Beth Craig,33,Female,"550 Luna Light, North Cory, OR 53226"
151,Laura Andrews,49,Female,"88580 Jessica Brooks Suite 734, Christinaland, DC 87485"
152,Mr. Jeffrey Cochran DDS,63,Female,"4136 Jenkins Oval, New Alison, PW 12588"
153,Jennifer Hernandez,26,Female,"386 Patricia Underpass, Baileymouth, IL 88250"
154,Amy Salinas,51,Male,"7468 Dean Flats, West Heidi, SD 97462"
155,Jessica Hahn,47,Male,"199 Thomas Locks, Margaretstad, PW 80871"
156,Angela Wilson,34,Male,"62963 Christopher Fort Suite 924, Wallaceborough, PW 07300"
157,Dennis Garcia,57,Male,"223 Tyler Burg, East Patrickchester, HI 56778"
158,Lori Mckinney,24,Male,"6306 Russell Path Suite 445, Jeremyshire, KS 37242"
159,James Walters,62,Male,"98535 Hoffman Street Apt. 208, Brownmouth, DE 95636"
160,Amy Clark,67,Male,"50423 William Roads Suite 121, West Sherrymouth, AR 19411"
161,Rebecca Horton,21,Male,"4012 Nancy Loop Apt. 899, Dustinberg, VI 18322"
162,Ruth Castaneda,34,Female,"11526 Nicole Views, Lake Maria, OH 78560"
163,Mary Wright,53,Female,"74632 Steven Skyway, West Candacestad, OH 99205"
164,Patrick Salazar Jr.,45,Female,"268 Cunningham Well Suite 432, Joshuafort, WV 66025"
165,Nina Conrad,46,Male,"Unit 2867 Box 6041, DPO AP 13033"
166,Keith Foster,36,Female,"771 Mark Ports, Martinezmouth, IN 99087"
167,Tracey Barr,51,Male,"809 Julie Stream Apt. 688, West Becky, OH 93287"
168,Ashley Robinson,76,Male,"5271 Andrew Meadows Apt. 033, North Anne, ME 55848"
169,Jacqueline Murray,47,Male,"492 Page Circles Apt. 660, Courtneyville, MI 90246"
170,Kimberly Meza,49,Female,"Unit 5257 Box 5402, DPO AP 31267"
171,Julia Gallegos,74,Male,"85276 Tucker Turnpike, Moyerland, WI 05031"
172,John Freeman,55,Female,"261 Nicole Ridge Suite 927, Port Claytonbury, ND 82192"
173,Shannon Jacobs,30,Female,"PSC 4473, Box 3554, APO AE 96160"
174,Amy Fields,78,Female,"353 Christopher Skyway, North Chase, LA 46991"
175,Dennis Rivera,68,Male,"81603 Benjamin Loop, West Marcushaven, HI 88622"
176,Monica Vargas,40,Male,"94481 Fisher Square, Scotthaven, UT 63874"
177,Sara Adkins,34,Male,"7200 Mcdaniel Place Suite 292, Craneside, MT 11300"
178,Christian Richards,58,Female,"PSC 3925, Box 0926, APO AE 97430"
179,Daniel Mccarthy,37,Female,"9981 Lowery Grove, Espinozahaven, WI 22463"
180,Katherine Jarvis,24,Female,"145 Robert Valleys Apt. 271, Amandamouth, MA 64100"
181,Edward Glenn,48,Male,"93801 Harris Ranch, East Briannaview, AS 90335"
182,Nicholas Johnson,44,Female,"8343 Erin Common, East Sabrinaborough, AR 74656"
183,Randy Cooper,69,Female,"8483 Joseph Greens Suite 990, Justinchester, AL 60188"
184,David Melton,57,Female,"17075 Thompson Turnpike, Millsstad, WV 64380"
185,Kenneth Valdez,73,Male,"02868 Brittany Lane, Gonzalesmouth, AZ 22048"
186,Jason Morton,48,Female,"37569 Angela Creek Suite 978, Lake Thomasberg, IL 97968"
187,Samantha Smith DDS,39,Male,"08238 Mcdonald Crossroad, Vickiberg, IN 43759"
188,David Yoder,35,Female,"4996 Bowman Track, Evansfort, IL 53410"
189,Andrea Gutierrez,19,Female,"1396 Alexis Loop, Villarrealport, OK 61849"
190,Alyssa Ashley MD,55,Female,"USNV Lawson, FPO AP 93319"
191,Evan Russell,63,Male,"14771 Smith Avenue, Denisestad, MI 18073"
192,Mrs. Kimberly Stone,59,Male,"19233 Denise Port Apt. 987, South Carlaview, WV 87797"
193,William Hoffman,76,Female,"8987 Sandra Skyway Apt. 223, Henrymouth, TN 32667"
194,Cindy Lopez MD,72,Female,"154 Sherri Canyon Suite 009, Reesemouth, ID 08807"
195,Shelby Walsh,59,Female,"7927 Franklin Trace Suite 922, Petersonburgh, SD 44377"
196,Jessica Woods MD,47,Female,"22997 Rodgers Gateway Suite 637, Penamouth, NC 64863"
197,John Wright,40,Male,"5022 Carter Flat Apt. 976, Johnhaven, VI 14090"
198,Jasmine Wilson,20,Male,"820 Douglas Fall Suite 817, New Sarah, IL 83796"
199,Heather Hays,35,Female,"438 Turner Hill Suite 887, New Emily, MN 72073"
200,Catherine Jones,68,Male,"17736 Schmidt Mount Apt. 950, Lake Jamesstad, LA 42088"
201,David Peterson,34,Female,"007 Kennedy Mission Apt. 257, Fosterborough, SC 94389"
202,Ashley Adams,27,Female,"0585 Long Street Apt. 391, Fosterview, MD 65913"
203,Annette Ho,27,Male,"PSC 4514, Box 2792, APO AP 27911"
204,Mary Woods,45,Male,"804 Carlos Meadows Suite 822, Lake Jenniferville, TX 89083"
205,Alan Fisher,26,Female,"651 Carr Mills Apt. 135, Patelmouth, NJ 19365"
206,Diana Oconnor,42,Male,"9972 Latoya Stravenue, Burnsside, OR 24601"
207,Robert Garcia,78,Male,"887 Thompson Fields Apt. 998, Schmidtville, SD 13345"
208,Paul Sanchez,64,Female,"5355 Nguyen Square, North Pam, NY 29846"
209,David Martin,60,Female,"44787 Serrano Park, Robertfort, CT 90665"
210,Nicholas Marshall,63,Female,"57123 Griffith Ridges Suite 294, East Daniel, CA 73130"
211,Melvin Carr,72,Male,"390 Mccoy Ways Apt. 599, West Trevor, LA 82077"
212,Dennis Freeman,60,Male,"USNS Obrien, FPO AA 33640"
213,Tyler Rogers,47,Female,"63786 Gonzalez Road, West Stephanieport, AK 26049"
214,Anthony Miller,60,Female,"32050 Brenda Burgs Suite 131, Seanville, WV 65992"
215,Vickie Taylor,64,Female,"914 Long Greens, Silvaburgh, PA 55490"
216,Melvin Foster,21,Female,"322 Austin Alley, East Michele, NH 43383"
217,Patricia Hammond,20,Male,"50810 Johnson Expressway Suite 940, Michaelville, MN 20599"
218,Jackson Morris,35,Male,"319 Charles Harbor Suite 184, East Troy, SD 63516"
219,Sara Ortega,37,Male,"14469 Gregg Square, Lake Aaronhaven, RI 60792"
220,Mr. Daniel Campos,53,Male,"474 Rodgers Bridge, Lake Kennethchester, AK 18348"
221,Maxwell Bridges,72,Male,"74771 Jeffrey Extension, North Stevenstad, MD 20749"
222,Michael Rubio,20,Male,"3811 Andrews Plaza, East Susan, MT 69745"
223,Andrew Atkins,35,Male,"5086 Spencer Locks Apt. 156, Torrestown, IL 87064"
224,Edward Wilson,37,Female,"Unit 1596 Box 3133, DPO AA 12705"
225,Matthew Peterson,40,Female,"2114 Moreno Corner, West Tracy, HI 72592"
226,Brandon Romero,70,Female,"7303 Harris Dam, New Deanville, OH 38930"
227,Nicole Gomez,64,Male,"439 Williams Lodge, East Tanya, RI 47011"
228,Sandra Berg,33,Male,"529 Heather Shoals, Chloeside, OR 94958"
229,Wendy Morrison,31,Male,"59252 Shannon Park Apt. 118, West Christineberg, OH 98119"
230,Lauren Kim,26,Female,"07658 Berry Walks, Lake Kevinbury, AZ 84155"
231,Karen Davis,60,Female,"507 Jennifer Forge Apt. 577, Port Elizabeth, SC 99087"
232,Joseph Hernandez,42,Female,"2348 Andrew Ramp Apt. 532, Derrickbury, NE 72558"
233,Priscilla Warner,23,Male,"741 Zachary Highway Apt. 485, Mclaughlinburgh, PR 13044"
234,Elizabeth Ramirez,25,Male,"34390 Myers Cliffs Apt. 563, Manninghaven, PW 21224"
235,Mrs. Krystal Hawkins,60,Female,"USCGC Lane, FPO AA 00535"
236,Debra Hoffman,20,Female,"42299 Trujillo Fork, Conradbury, MO 93471"
237,Kerry Wagner,78,Male,"944 Rebecca Inlet, Elizabethland, MD 31418"
238,Sydney Friedman,31,Male,"2484 Martin Rest, Armstrongport, MA 72109"
239,Stephen Escobar,68,Female,"25222 Wade Radial Suite 705, Mitchellmouth, AZ 52486"
240,Nancy Johnson,68,Male,"2787 Baldwin Mill, Stantonshire, ID 35499"
241,Heather Hutchinson,52,Female,"50215 Bright Islands Suite 364, Pattyville, TX 45118"
242,Robyn Acosta,56,Female,"251 Chad Trafficway, New Lisa, NM 09300"
243,Crystal Williams,69,Female,"426 Elizabeth Summit, Lake Sharon, MD 57782"
244,Justin Smith,38,Male,"6298 Moore Coves, Lake James, AZ 28906"
245,Michael Hill,68,Male,"7340 Stacy Isle Apt. 495, Marilynland, DC 45326"
246,Tina Turner,66,Male,"45768 Diana Spring Suite 616, West Davidport, IN 32772"
247,Sara Walker,29,Female,"7239 Shepherd Manors, Lucashaven, GU 06535"
248,John Clark MD,26,Female,"81516 Jeremy Skyway Apt. 817, Keymouth, AR 74660"
249,Kenneth Carter,73,Female,"3411 Sabrina Meadow Apt. 418, Angelamouth, CA 46541"
250,Jennifer Hughes,55,Male,"PSC 4206, Box 0815, APO AA 55726"
251,Amanda Murphy,22,Male,"6303 Benjamin Extension Suite 702, West Brooke, IN 94213"
252,Abigail Garcia,28,Female,"88423 Grant Mall Suite 123, North Eric, ME 86981"
253,Matthew Wiley,70,Male,"99026 Odonnell Ramp, Ruizland, PW 16007"
254,Donna Robinson,19,Female,"938 Katie Inlet, Portershire, HI 81919"
255,Jason Larson,20,Male,"4158 Ferrell Point, Boothborough, CO 73135"
256,Debra Grant,45,Male,"6281 Brian Loaf, South Williamport, AK 52923"
257,Theresa Jacobs,20,Male,"41708 Brandon Spring Apt. 711, North Dustinhaven, AZ 05714"
258,Philip Jimenez,80,Female,"Unit 3135 Box 7893, DPO AE 70725"
259,Tara Hernandez,70,Male,"6250 Gloria Roads Apt. 894, East Martin, WY 49801"
260,Mrs. Jennifer Delacruz,69,Female,"PSC 1689, Box 9952, APO AE 34549"
261,Luis Joseph,73,Female,"112 Michael Brook Suite 619, Charlesburgh, WA 18615"
262,David Barnes,62,Male,"3803 Matthew Square Apt. 978, Nguyenport, OK 01387"
263,Justin Lynn,72,Male,"82888 Austin Common, East Michael, CO 14205"
264,Mrs. Natalie Bauer,48,Male,"38036 Scott Wall, North Karenport, ID 93580"
265,Nicole Marshall,19,Female,"USS Mckinney, FPO AA 48806"
266,Louis Coleman,42,Male,"421 Harper Highway, Mannton, MP 08112"
267,Shelley Jimenez,42,Female,"23913 Moore Light Apt. 304, South Amybury, AR 15075"
268,James Carter,26,Male,"2413 Judith Rapids Apt. 637, Howardton, MS 57927"
269,Melanie Cervantes,46,Female,"406 Sharon Plaza Apt. 225, North Shannonmouth, KY 44313"
270,Edwin Torres,70,Female,"038 Mullins Plains, New Kaitlinhaven, GA 72738"
271,Amy Smith,26,Female,"41390 Perez Hill, West Kimberlymouth, WV 38207"
272,Erica Carter,64,Male,"23912 Kristopher Manors Apt. 142, Herbertshire, VT 91670"
273,Christopher Dean,64,Female,"7992 Erin Junction Apt. 433, Arnoldport, MP 97634"
274,Jason Wagner,68,Female,"90573 Stone Mount, Laurenstad, MO 18794"
275,Gregory Griffin,37,Male,"07936 Williams Points Apt. 927, New Danielfort, HI 22325"
276,Jennifer Warren DDS,27,Male,"675 Lopez Way, Cunninghamton, VT 41245"
277,Regina Moore,35,Male,"1681 Holly Wall, West Dennis, KS 81015"
278,Dawn Whitaker,71,Female,"65133 Kathy Orchard, Mendozaland, PA 98167"
279,Nicole Marks,31,Male,"1572 Myers Drives, Katieville, DC 36118"
280,Bridget Martin,42,Male,"009 Adams Pike Suite 325, Robertchester, CA 75833"
281,Patricia Lawrence,19,Male,"0653 Mary Circles, Allenside, FM 21131"
282,Christopher Cordova,43,Male,"Unit 4154 Box 6589, DPO AP 86463"
283,Jill Harmon,55,Female,"46327 Snyder Estate Suite 811, South David, MP 15518"
284,John Arias,67,Female,"337 Turner Station, South Tyler, ME 06355"
285,Heather Johnson,24,Female,"49464 Jason Mount Apt. 568, North Robertview, MH 18727"
286,Summer Bailey,59,Male,"744 Laura Mountains Suite 653, Timothyberg, NV 31082"
287,Stephanie Morgan DVM,32,Female,"842 Holly Manor Suite 003, South Timothyport, MS 27451"
288,Jorge Oconnor,71,Female,"Unit 4689 Box 3045, DPO AP 00576"
289,John Bean,32,Female,"Unit 5385 Box 7489, DPO AA 08881"
290,Raven Wilson,54,Male,"719 Patrick Pass Suite 045, Samanthahaven, WY 08875"
291,Angela Smith,24,Male,"16738 Amber Club Suite 602, South Blake, OR 75419"
292,Angela Lawson,68,Female,"61468 Lopez Place Apt. 559, Valerieport, CO 98144"
293,Justin Castro,55,Female,"55028 Perez Fields Apt. 312, Vaughanborough, RI 01110"
294,Karen Johnson,33,Female,"8385 Patterson Lake Suite 366, Cynthiafort, CA 75786"
295,Logan Roach,72,Female,"PSC 6135, Box 0363, APO AE 70728"
296,Ashley Mayo,26,Male,"58019 Brandon Junctions, Lake Haleyville, LA 11788"
297,Brandon Miller MD,24,Male,"52414 Donovan Mountain Suite 203, Lake Amy, MA 19686"
298,Gabriel Adams,65,Male,"265 Martin Hill Suite 424, Romeroborough, GA 03779"
299,Heather Richards,20,Female,"8951 Holloway Junctions, East William, MT 43202"
300,Peter Taylor,80,Female,"4086 Paul Ville Apt. 137, Waltonfurt, WY 07832"
301,Chelsea Cook,37,Male,"USNV Cunningham, FPO AP 20190"
302,Mark Jacobs,37,Male,"0601 Potter Loop Apt. 849, East Yolanda, NM 59325"
303,Ronald Brown,59,Male,"USS Clay, FPO AA 14389"
304,Kyle Burnett,44,Female,"84849 Angela Valleys, Fullerchester, ID 57483"
305,William Patel,70,Male,"99923 Holder Hill Suite 301, Aliciastad, IL 06095"
306,Anthony Sanchez,29,Male,"2518 Bautista Stravenue Apt. 756, Loganville, IL 23692"
307,Clifford Kennedy,39,Female,"55787 Erica Keys, Warrenberg, PA 10893"
308,Amanda Lewis,27,Female,"6068 Thomas Extensions, Paigestad, MD 06127"
309,Jaime Lewis,54,Male,"125 Caleb Shore Apt. 661, Darrellmouth, DC 46547"
310,Cynthia Gill,61,Male,"6776 Tina Street, Phillipshaven, NE 19093"
311,Tiffany Roberts,21,Female,"458 Brandy Coves Suite 747, East Andrea, WI 54596"
312,Melody Schwartz,28,Female,"137 Nicole Stream Apt. 235, Jonesmouth, WY 99025"
313,Emily King,27,Female,"696 Berger Knoll Apt. 771, South Douglashaven, AZ 66082"
314,Carol Schultz DDS,69,Male,"16052 Walsh Village Apt. 972, Youngview, WY 43239"
315,Debbie Edwards,28,Female,"88852 Taylor Flats Apt. 105, North Michelleville, FL 08951"
316,Kyle Wallace,66,Male,"7930 Cruz Drive, Michaelburgh, ME 09674"
317,Richard Stone,22,Male,"648 Connie Freeway Suite 519, Lake Juliehaven, AR 08582"
318,Lee Roach,70,Female,"51689 Chapman Mount, Lawsonmouth, IN 49367"
319,Lindsay Robinson,51,Female,"152 Barnett Mills, East Sallystad, NE 33030"
320,Shane Booker,32,Female,"84065 Mark Springs Suite 318, Kellyport, IA 57662"
321,Mary Wells,18,Male,"013 Erica Turnpike Suite 218, East Lisaburgh, SC 74958"
322,Katherine Webb,68,Female,"Unit 2918 Box 0327, DPO AA 22950"
323,Pamela Murphy,36,Male,"9876 Robertson Roads Apt. 586, Claytonport, CT 41552"
324,Benjamin Scott,25,Female,"54317 Jennifer Trail, Port Rachael, MI 67148"
325,Kendra Macias,65,Female,"035 Collins Track Apt. 358, New Kaitlynberg, WV 65952"
326,Samantha Kaufman,37,Female,"6722 Smith Station Suite 866, Port Dawnbury, MN 20062"
327,Angela Cooper,56,Female,"79181 Christine Rue Apt. 796, North Johnmouth, KY 30768"
328,Lisa Mendoza,60,Female,"771 Kelly River Apt. 729, Lake Danielhaven, NH 16521"
329,Julian Donovan,35,Male,"08402 Spencer Parkway Apt. 866, North Andreaside, RI 28702"
330,Matthew Williams,59,Female,"707 Bianca Run, Andreaton, KS 08931"
331,Ms. Jessica Farley MD,27,Male,"780 Kaitlyn Unions, Port Shelby, PW 44209"
332,Barbara Jones,20,Male,"1342 Timothy Mountains Suite 197, Coltonmouth, MS 63182"
333,Natalie Hogan,29,Female,"72051 Jennifer Track, Port Amanda, KY 47692"
334,Ruben Price,30,Female,"80934 Steven Lodge, South Brianstad, NJ 74956"
335,Jennifer Vaughn,67,Female,"5820 John Keys, Gonzalezborough, NV 96513"
336,Lori Bradley,34,Male,"PSC 6625, Box 2152, APO AA 26060"
337,Debbie Obrien,67,Female,"4313 French Ford, New Karen, IA 95212"
338,Thomas Rhodes,45,Female,"0128 Sanford Valley, East Jacqueline, CO 86372"
339,Frances Bennett,41,Male,"1440 William Row Apt. 092, Jamesfort, LA 08846"
340,Victor Wood,25,Male,"639 Grimes Underpass Suite 386, Port Jessica, KY 53694"
341,Jeremiah Murray,76,Male,"1215 Everett Mills Apt. 287, Sabrinaburgh, VA 39240"
342,Jessica Wise,55,Male,"31166 Grant Lodge Apt. 505, West Christinatown, MT 25378"
343,Michelle Ford,40,Male,"16677 Maria Fields, Marcusborough, OR 43702"
344,Kathy Wagner,57,Female,"649 Misty Course Apt. 547, West Cherylberg, RI 71016"
345,Christopher Watson,28,Male,"Unit 7889 Box 5621, DPO AE 09086"
346,Sandra Brown,28,Male,"87598 Rivera Knoll, Jamesfurt, AZ 89871"
347,Claire Kelly,60,Female,"4806 Thomas Vista, Lake Christopherborough, MA 77578"
348,Ellen Franco,71,Male,"PSC 9749, Box 2204, APO AP 19224"
349,David Young,52,Female,"7259 Barnes Pine, North Brittney, VA 18484"
350,John Wolfe,71,Male,"5847 Gross Fords Suite 481, East Jonathanport, KS 95709"
351,Robert Webster,39,Male,"104 Angela Islands, Stephensonmouth, MP 49317"
352,Susan Ingram,71,Female,"467 Christine Hills Suite 395, Robinsonborough, WA 86306"
353,Caitlin Ferguson,30,Male,"65127 Charles Centers, East Andrew, IN 36155"
354,Paul Lozano,46,Male,"2531 Parker Mill Suite 314, Cobbbury, MT 92030"
355,Nicholas Reynolds,33,Male,"1759 Rowland Extensions, West Nathaniel, IA 80932"
356,Melissa Johnston,33,Male,"9432 Abigail Prairie Apt. 638, Josephchester, AS 50441"
357,Jeffery Martinez,74,Male,"6215 Duarte Court, Hernandezton, NV 56935"
358,Allison Baker,46,Female,"24446 Harding Street Suite 576, East Joshua, PR 15154"
359,Benjamin Jones,64,Male,"4530 Cooper Ville Suite 510, Whitebury, DE 71980"
360,Patrick Mccarty DDS,47,Female,"585 Donaldson Throughway, Craigland, WI 97943"
361,Ethan Nguyen,44,Male,"09564 Ronald Isle Apt. 707, Leefort, NM 72624"
362,Monica Wilson,39,Male,"USNV Paul, FPO AP 10288"
363,Sarah Davis,22,Male,"Unit 7898 Box 2868, DPO AP 28747"
364,Jorge Berry,62,Male,"978 Floyd Stream, Lewishaven, FM 92866"
365,Teresa Sosa,64,Female,"45178 Rodriguez Cliff, Lesliemouth, CO 73519"
366,Leslie Evans,59,Male,"352 Pittman Extensions, New John, UT 67083"
367,Casey Hicks,53,Male,"8588 Michael Trace Suite 872, Josephfort, SC 94464"
368,Heidi Morrison,71,Female,"5073 Kristina Villages Suite 723, Gracebury, MA 48859"
369,Tina Larson,51,Male,"28614 Ferrell Knoll, Lake Alexandratown, NY 56691"
370,Isaac Carlson,40,Female,"6085 Scott Locks, Vargasfort, VI 31519"
371,Jeffrey Lopez,22,Male,"81712 Jennifer Parkway Apt. 634, West Jessica, TN 99788"
372,Paula Roth,34,Male,"46514 Smith Falls Suite 833, Ramosshire, NC 56122"
373,Kayla Young,64,Male,"8622 Baker Parks Suite 719, Davidton, VT 46281"
374,Chase Vaughan,26,Female,"Unit 8150 Box 0784, DPO AP 52864"
375,Brenda Turner,78,Male,"418 Andrew Track Suite 173, Steinburgh, FL 17835"
376,Yvonne Gregory,47,Male,"221 William Mount Apt. 932, Lake Thomasport, WY 59505"
377,Amy Burnett,57,Male,"666 Cantrell Inlet, Martinberg, CA 35675"
378,Mrs. Veronica Johnson,79,Female,"1145 Brian Cliff, Lake Ashleyfurt, MO 73537"
379,David Owen,35,Male,"8943 Barker Fords, Nicholsfurt, PR 55037"
380,Paul Palmer,21,Male,"011 Santiago Stream, New Matthewtown, WA 54482"
381,Norma Adams,47,Female,"05385 Pamela Field, Johnside, OK 13683"
382,Kim Lester,68,Female,"PSC 0740, Box 4998, APO AA 46885"
383,John Flores,58,Male,"9503 Laura Fields, Port Jenniferside, MH 52454"
384,Tyler Smith,28,Male,"72929 Huerta Locks Suite 992, South Lauramouth, AZ 01107"
385,John Alvarado,52,Male,"9443 Connie Locks, Lake Melanieton, MO 27441"
386,Charles Fowler,31,Female,"553 Brian Lights Suite 190, Lake Gloria, NY 24048"
387,Rachel Gutierrez,40,Female,"USS Fowler, FPO AP 35018"
388,Brooke Cruz,33,Female,"4958 Thomas Centers Apt. 347, North Michael, WI 41800"
389,Robert Wallace,25,Female,"USNS Maynard, FPO AE 19627"
390,Kyle Banks,80,Female,"016 Sawyer Land Apt. 446, Lake Williamville, OK 48989"
391,Angela Mosley,47,Female,"94266 Amy Valleys, Connieport, MO 54817"
392,Wendy Lopez,53,Female,"3642 Vincent Mountains, Stewartstad, WY 56589"
393,Michael Reid,50,Male,"1234 Hughes Path Suite 707, Gibbshaven, MH 01831"
394,Pamela Frey MD,80,Male,"316 Wheeler Mountain, Dixonmouth, IA 34629"
395,Ronald Curtis,28,Female,"0532 Michael Creek, East Robin, TX 94260"
396,Maria Barton,53,Female,"35318 Emma Center Suite 528, New Christine, MO 21013"
397,Jason Cox,38,Female,"356 Cardenas Forges, Lisaburgh, NC 93169"
398,Laura Walters,43,Male,"99624 Rodriguez Fields Suite 515, Hollyland, SD 24975"
399,Stephanie Little,32,Male,"848 Jennifer Court, Wilkinsonton, VI 39954"
400,Oscar Collins,71,Female,"Unit 4854 Box 0100, DPO AA 91437"
401,Benjamin Sherman,64,Female,"64674 Kimberly Valleys Apt. 696, Silvatown, TX 68017"
402,Michelle Giles,80,Female,"2336 Garza Drive Apt. 433, Baileyport, UT 45304"
403,Brittany Chapman,38,Male,"1265 Anderson Crescent, East Ashleyburgh, MD 90965"
404,David Bryant,67,Female,"514 Tucker Flats, New Kimberlytown, ND 15376"
405,Ebony Whitaker,37,Female,"52442 Brittany Spurs, Port Sarah, MO 88505"
406,Ashley Caldwell,79,Female,"71164 Gwendolyn Lock, Lake Kayla, ME 40962"
407,Samuel Clayton,41,Female,"601 Clark Gardens Suite 089, Lake Barbara, MN 58978"
408,Kim Gonzalez,25,Male,"14832 Franklin Club Suite 742, East Victoriatown, MH 68950"
409,Angela Jones,62,Male,"4432 Sarah Causeway Suite 821, New Michael, VT 69827"
410,Joseph Jacobs,28,Female,"8547 Louis Locks Apt. 394, West Jose, NM 35747"
411,Steven Reed,59,Female,"166 Amanda Falls Suite 062, Lake Elizabeth, PR 25340"
412,Matthew Christian,25,Female,"94653 Justin Villages, Kennedyport, GU 84975"
413,Phillip Chang,38,Male,"USNV Byrd, FPO AA 18803"
414,Scott Wagner,76,Male,"9871 Jasmin Brooks, Stevenland, TX 96471"
415,Pamela Valdez,35,Female,"2704 Bailey Cliff, South Jenniferchester, CA 54922"
416,Theresa Richardson,50,Male,"81154 Elizabeth Circles Apt. 387, Lake Amanda, FM 60804"
417,Kathleen Martin,30,Male,"8263 Brittany Ridges, New Kristinville, VA 40552"
418,Mary Barr,29,Female,"700 Steven Forges Suite 862, Michaelport, FL 12461"
419,Daniel Ramsey,25,Male,"81796 Parker Center, Hernandezport, NJ 96437"
420,Anne Gardner,22,Female,"10100 Natalie Flat Suite 273, Davidtown, IN 48198"
421,Thomas Wilcox,65,Female,"341 Bright Village, Port Alvinchester, AL 21356"
422,Jay Rosales,78,Female,"PSC 3948, Box 4653, APO AP 14175"
423,Lindsey Carney,59,Female,"644 Rhonda Turnpike Suite 879, East Nathanview, MS 39517"
424,Gary Greer,44,Female,"83935 Michelle Corner, Oliviaside, AZ 37488"
425,Alexander Taylor,43,Male,"PSC 1340, Box 2324, APO AA 12835"
426,Misty Morton DDS,66,Male,"389 Ho Locks Apt. 677, East Jaredfurt, CT 85445"
427,Elizabeth Hoffman,40,Male,"494 Barron Expressway Apt. 336, Williamfurt, AS 18705"
428,Benjamin King,62,Female,"449 Betty Forge Suite 860, Lake Todd, WV 20198"
429,Tracy Wilson,53,Female,"57602 Daniel Inlet, Banksshire, DC 93025"
430,Christopher Johnson,58,Male,"11136 Wyatt Lake Apt. 052, West Randyfort, IN 76422"
431,Brittany Aguirre,18,Male,"2084 Melissa Row Suite 514, New Catherinefort, NJ 58415"
432,David Robinson,77,Female,"392 Bell Bridge, West Gary, AZ 14038"
433,Chase Fox,62,Female,"334 Crawford Highway, Port Amandaland, KY 97557"
434,Maria Smith,74,Female,"8975 Robinson Valley Suite 614, West Kristopher, NV 44014"
435,Chad Smith,33,Male,"596 Chandler Port Apt. 031, Thompsonberg, RI 60458"
436,Mrs. Janice Wright,31,Male,"2839 Porter Ramp, Kyletown, IN 22444"
437,Mary Moore,29,Female,"4935 Harris Camp, Sarahbury, UT 95918"
438,Felicia Shelton,60,Male,"5358 Griffith Circles, West Mark, LA 08630"
439,Adam Roach,19,Male,"9397 Christopher Stravenue Suite 871, West Michaelbury, NC 90273"
440,Paige Roy,39,Male,"7536 Woodward Drives, Mackfort, CT 21501"
441,Cody Wright,58,Female,"842 Amanda Gateway Apt. 639, New Justinmouth, NY 58805"
442,Johnny Freeman,69,Male,"Unit 0235 Box 2233, DPO AA 03874"
443,Philip Ball,52,Female,"398 Williams Unions, Lake Sarahstad, NV 65403"
444,Thomas Mclean,64,Female,"4634 Michael Causeway, South Michelletown, IA 79803"
445,April Dudley,27,Female,"9068 Ford River, New Robert, CO 10026"
446,Charlotte Nichols,46,Male,"Unit 8478 Box 7410, DPO AP 41820"
447,Emily Dunn,38,Male,"2418 Blake Pine Suite 233, Jamesfurt, OH 58462"
448,Ryan Williams DDS,36,Male,"11503 Patricia Plaza, Lake Andrea, AK 96859"
449,Tracy Harris,73,Male,"40555 Jacob Courts Apt. 658, Lake Thomas, NV 70724"
450,Randy Jones,72,Female,"196 Megan Spur Apt. 760, Kirkton, AS 78722"
451,Jacob Romero,32,Male,"224 Morales Mall Apt. 722, South Lucasbury, IA 33962"
452,Keith Reeves,38,Female,"172 Alyssa Falls, New Heatherland, FM 80523"
453,Jermaine Adams,52,Female,"2074 Joshua Harbors Suite 571, South David, DC 28420"
454,Ivan Bowen,80,Male,"324 Warren Mountains, Durhamfurt, AL 83848"
455,Jordan Thomas,67,Female,"69100 James Flats Apt. 772, Port Jessicaberg, GA 77451"
456,Mr. William Thomas Jr.,50,Female,"2102 Watson View Suite 611, Jacobsontown, NJ 61303"
457,Sandy Allison,46,Male,"512 Tabitha Turnpike Suite 031, Michaelshire, WV 33274"
458,Phyllis Gross,41,Female,"867 Erica Spurs Apt. 645, New Susanton, OH 47025"
459,Alyssa Perez,55,Male,"205 Briggs Neck, Katrinaton, MH 04730"
460,Erik Butler,39,Male,"955 Newman Fall, Lake Karen, MI 69746"
461,Diana King,60,Female,"PSC 0215, Box 3053, APO AE 30376"
462,Dylan Silva,65,Female,"933 Diaz Estate, East Michellemouth, GU 41311"
463,Katherine Henderson,36,Male,"72859 Rojas Harbor Suite 133, East Tamaraview, NC 51808"
464,Alexa Porter,29,Male,"640 Hall Islands Apt. 811, Williamsview, GA 95250"
465,Chad Newman,52,Male,"2337 Brian Knoll, Rebeccafort, AL 42252"
466,Michelle Carpenter,63,Female,"USNS Johnson, FPO AE 54470"
467,Christine Wilson,42,Male,"10356 Johnson Keys, Port Richardton, TX 73236"
468,Bethany Foley,20,Male,"803 Smith Spurs, East Danielle, FL 64563"
469,Tammy Robertson,55,Male,"89338 Smith Mountain Apt. 443, East Fernandoland, DE 05682"
470,James Rodriguez,42,Female,"79013 Kelly Trail Suite 196, Fisherchester, OK 00708"
471,Margaret Reyes,42,Female,"36215 Michelle Valleys Suite 302, West Ryanstad, NH 65853"
472,Samantha Cook,78,Female,"1010 Kari Shoals, Bairdport, MS 84378"
473,Alexandria Flowers,18,Male,"8018 Bailey Place, North Dawn, DC 57352"
474,Derek Conrad,53,Male,"2020 Tyler Hill, Combsshire, DE 28400"
475,Kelly Rogers,23,Female,"33091 Laura Drives, New Heather, VT 64291"
476,Gregory Jennings,26,Female,"0732 Pamela Drive Suite 243, West Robertstad, MN 18707"
477,Adrian Mcgrath,33,Male,"64548 Taylor Mountain Apt. 226, Blairville, AR 65312"
478,Janet Dean DVM,72,Female,"9712 Robert Crossing, Smithmouth, DE 66309"
479,William Walker,75,Female,"540 Stanley Turnpike, West Audrey, NC 17924"
480,David Stout,71,Female,"44067 Ryan Unions, North Lynnstad, KY 90508"
481,Connor Matthews,41,Male,"539 Thomas Tunnel, Martinside, VA 73396"
482,Ashley King,42,Female,"79767 Atkins Mission Apt. 925, Staffordshire, GU 43150"
483,William Miller,76,Female,"857 Horton Corners, Longshire, SD 54566"
484,Albert Long,75,Male,"213 Tiffany Station Suite 508, North Michaelhaven, NY 13188"
485,Matthew Parker,48,Male,"511 Green Square, West Ethan, MS 29168"
486,Daniel Anderson,64,Male,"4417 Wells Corner Suite 965, Lake Amanda, MA 89254"
487,Joshua Stewart,23,Female,"USS Salas, FPO AP 25233"
488,Kevin Vargas,31,Female,"57153 Jacobs Station Suite 734, East Jessicafort, OK 98134"
489,Mark Johnson,28,Male,"84533 Duane Groves Apt. 385, East Christopher, PA 18976"
490,Jamie Cochran,75,Female,"0717 Mike Gateway Apt. 971, South Williamfurt, MS 52710"
491,Ashley Casey,49,Female,"91714 Kevin Meadow Apt. 656, Port Jennifershire, WV 45889"
492,Raymond Smith,18,Female,"Unit 7614 Box 4045, DPO AE 49881"
493,Bonnie Bryant,64,Male,"56972 Andrew Via, Hansenton, NY 51469"
494,Jasmin Fisher,65,Female,"5938 Holden Dam Suite 232, Williamston, TN 82804"
495,Brett Alvarez,79,Female,"02704 Scott Trace, New Jaime, AK 75340"
496,Roy Baker,51,Female,"7683 James Pines Suite 828, East Christopher, OK 79238"
497,Richard Barnes,48,Female,"0525 Long Stream Apt. 482, South Carmenchester, CA 96734"
498,Melanie Carter,67,Female,"78046 Tucker Plaza, Lake Marieton, NY 94842"
499,Brian Lawson,66,Male,"67428 Aguirre Square, Port Deborahport, NM 72434"
500,William Cervantes,77,Male,"9360 Colleen Mission Suite 370, New Regina, NV 42872"
